rank,company_name,segment,category,company_overview,primary_solution,secondary_solution,opportunity_score,priority,confidence,why_selected,business_challenges,recommended_solution_rationale,expected_business_value,key_xyz_capabilities,relevant_kpis,suggested_stakeholders,sales_conversation_starter,why_not_risk,sales_strategy_focus,recommended_next_action,evidence_notes,validation_status
1,Ola Electric,EV OEM,"Electric Two-Wheelers, EV Mobility",Electric two-wheeler manufacturer focused on EV mobility.,Warranty Analytics,Dealer & Field Service Intelligence,84,Hot,High,"Ola Electric was selected because it shows strong relevance to XYZ's automotive analytics offerings. The company is in the EV OEM segment with a total opportunity score of 84/100. Key growth and opportunity signals include EV adoption, battery and software complexity, service quality importance, supply chain dependency. Evidence note: EV product complexity makes warranty, field service, and quality analytics highly relevant.",High warranty and quality analytics need; Medium supply chain and supplier risk complexity; High dealer and field service performance complexity; Medium EV transition and new product reliability complexity; Medium aftermarket revenue and service intelligence opportunity,"Ola Electric shows High warranty complexity, Medium supply chain complexity, High dealer/service complexity, Medium EV transition complexity, and Medium aftermarket opportunity.",Early defect detection before escalation; Reduction in warranty cost; Improved quality response; Improved dealer performance; Higher aftermarket revenue,"Warranty claim trend analysis; Defect pattern detection; Time-series anomaly detection; Clustering of failure symptoms; Correlation of defects with supplier, plant, batch, or vehicle model","Defects per 1,000 vehicles; Mean Time Between Failures; Warranty spend per unit; Claim cycle time; Recall incidence rate",Head of Quality; Head of Warranty; Head of After-Sales Service; Manufacturing Quality Leader; CIO / Chief Data Officer,"How is Ola Electric currently using warranty claims, service records, and quality data to detect defect patterns before they become large-scale field issues?","Ola Electric is a good-fit prospect, but additional validation is required on current analytics maturity, budget ownership, and access to operational data. Large OEMs may already have internal analytics teams, so XYZ should position domain accelerators and faster time-to-value.","Lead with warranty cost reduction, early defect detection, recall prevention, and quality analytics.","Schedule a 30-minute executive discovery call, validate the active pain area, and propose a focused analytics PoC using available warranty, supply chain, or dealer data.","EV product complexity makes warranty, field service, and quality analytics highly relevant. Live evidence keywords: charging, electric, ev, service, two-wheeler. Recent news evidence: Ola Electric to Ather Energy: EV companies in India - Upstox | Ola Electric sales rise 23% MoM in May to 15,139 units - ET Auto | Ola Electric rises 20% even as EV two-wheeler registrations decline in April - Entrackr | Top 5 Electric 2-Wheeler Manufacturers In India, Ola Out Of List For Feb'26 - NDTV | Ola Electric sees 23 pc growth in monthly registrations in May - The Economic Times. Live web summary: Ola Electric to Ather Energy: EV companies in India - Upstox | Ola Electric sales rise 23% MoM in May to 15,139 units - ET Auto | Ola Electric rises 20% even as EV two-wheeler registrations decline in April - Entrackr | Top 5 Electric 2-Wheeler Manufacturers In India, Ola Out Of List For Feb'26 - NDTV | Ola Electric sees 23 pc growth in monthly registrations in May - The Economic Times Electric Sc.",Accepted
2,Ather Energy,EV OEM,"Electric Two-Wheelers, Charging Ecosystem",Electric two-wheeler company with connected scooter and charging ecosystem.,Warranty Analytics,Dealer & Field Service Intelligence,83,Hot,High,"Ather Energy was selected because it shows strong relevance to XYZ's automotive analytics offerings. The company is in the EV OEM segment with a total opportunity score of 83/100. Key growth and opportunity signals include connected EV data, charging ecosystem, service experience, battery analytics need. Evidence note: Connected EV operations create strong data readiness for warranty and service intelligence.",High warranty and quality analytics need; Medium supply chain and supplier risk complexity; High dealer and field service performance complexity; High EV transition and new product reliability complexity; Medium aftermarket revenue and service intelligence opportunity,"Ather Energy shows High warranty complexity, Medium supply chain complexity, High dealer/service complexity, High EV transition complexity, and Medium aftermarket opportunity.",Early defect detection before escalation; Reduction in warranty cost; Improved quality response; Improved dealer performance; Higher aftermarket revenue,"Warranty claim trend analysis; Defect pattern detection; Time-series anomaly detection; Clustering of failure symptoms; Correlation of defects with supplier, plant, batch, or vehicle model","Defects per 1,000 vehicles; Mean Time Between Failures; Warranty spend per unit; Claim cycle time; Recall incidence rate",Head of Quality; Head of Warranty; Head of After-Sales Service; Manufacturing Quality Leader; CIO / Chief Data Officer,"How is Ather Energy currently using warranty claims, service records, and quality data to detect defect patterns before they become large-scale field issues?","Ather Energy is a good-fit prospect, but additional validation is required on current analytics maturity, budget ownership, and access to operational data. Large OEMs may already have internal analytics teams, so XYZ should position domain accelerators and faster time-to-value.","Lead with warranty cost reduction, early defect detection, recall prevention, and quality analytics.","Schedule a 30-minute executive discovery call, validate the active pain area, and propose a focused analytics PoC using available warranty, supply chain, or dealer data.","Connected EV operations create strong data readiness for warranty and service intelligence. Live evidence keywords: charging, electric, ev, mobility, supplier. Recent news evidence: OEM-supplier collaboration key to building India’s next generation of automotive IP: Ather’s Swapnil Jai.. - ET Auto | Ather Energy Crosses 7 Lakh Electric Scooter Sales Milestone, Becomes India’s Fourth Largest EV Brand By Cumulative Deliveries - Autopunditz | Ather Energy Becomes Fourth Indian EV Maker to Surpass 700,000 Sales - Autocar Professional | India's Ather Energy narrows quarterly loss . Live web summary: OEM-supplier collaboration key to building India’s next generation of automotive IP: Ather’s Swapnil Jai.. - ET Auto | Ather Energy Crosses 7 Lakh Electric Scooter Sales Milestone, Becomes India’s Fourth Largest EV Brand By Cumulative Deliveries - Autopunditz | Ather Energy Becomes Fourth Indian EV Maker to Surpass 700,000 Sales - Autocar Professional | India's Ather Energy narrows quarterly loss .",Accepted
3,Bajaj Auto,OEM,"Two-Wheelers, Three-Wheelers, EV",Major two-wheeler and three-wheeler manufacturer with domestic and export markets.,Supply Chain Risk Prediction,Warranty Analytics,83,Hot,High,"Bajaj Auto was selected because it shows strong relevance to XYZ's automotive analytics offerings. The company is in the OEM segment with a total opportunity score of 83/100. Key growth and opportunity signals include EV two-wheeler growth, export markets, dealer network scale, aftermarket opportunity. Evidence note: High dealer scale and EV expansion create strong dealer and warranty analytics use cases.",Medium warranty and quality analytics need; High supply chain and supplier risk complexity; Medium dealer and field service performance complexity; Medium EV transition and new product reliability complexity; Medium aftermarket revenue and service intelligence opportunity,"Bajaj Auto shows Medium warranty complexity, High supply chain complexity, Medium dealer/service complexity, Medium EV transition complexity, and Medium aftermarket opportunity.",Reduced production disruption; Improved supply chain visibility; Lower logistics cost; Early defect detection before escalation; Reduction in warranty cost,Supplier risk scoring; Graph-based supplier network analysis; Shipment and logistics monitoring; Inventory risk monitoring; Lead-time forecasting,Supplier risk score; Parts availability; Days of inventory; Fill rate; On-time in-full delivery rate,Chief Supply Chain Officer; Head of Procurement; Head of Manufacturing Operations; Supplier Quality Leader; COO / CIO,"How is Bajaj Auto currently predicting supplier, inventory, and logistics risks before they impact production continuity?","Bajaj Auto is a good-fit prospect, but additional validation is required on current analytics maturity, budget ownership, and access to operational data. Large OEMs may already have internal analytics teams, so XYZ should position domain accelerators and faster time-to-value.","Lead with supplier risk visibility, production continuity, lead-time forecasting, and disruption prevention.","Schedule a 30-minute executive discovery call, validate the active pain area, and propose a focused analytics PoC using available warranty, supply chain, or dealer data.","High dealer scale and EV expansion create strong dealer and warranty analytics use cases. Live evidence keywords: customer, electric, manufacturing, service. Recent news evidence: Bajaj Auto domestic sales rise 11% in June to 2.10 lakh units - ET Auto | Bajaj Auto Eyes New Manufacturing Plant In South India; Tamil Nadu And Telangana Emerge As Front-Runners - Autopunditz | Indian auto giant Bajaj Auto hit by ransomware incident - The Record from Recorded Future News | Bajaj Auto hit by ransomware attack, operations unaffected - Autocar India | Bajaj Auto, India restores full. Live web summary: Bajaj Auto domestic sales rise 11% in June to 2.10 lakh units - ET Auto | Bajaj Auto Eyes New Manufacturing Plant In South India; Tamil Nadu And Telangana Emerge As Front-Runners - Autopunditz | Indian auto giant Bajaj Auto hit by ransomware incident - The Record from Recorded Future News | Bajaj Auto hit by ransomware attack, operations unaffected - Autocar India | Bajaj Auto, India restores full.",Accepted
4,Hyundai Motor India,OEM,"Passenger Vehicles, EV",Large passenger vehicle manufacturer in India with broad product range and dealer network.,Supply Chain Risk Prediction,Warranty Analytics,83,Hot,High,"Hyundai Motor India was selected because it shows strong relevance to XYZ's automotive analytics offerings. The company is in the OEM segment with a total opportunity score of 83/100. Key growth and opportunity signals include SUV demand, EV models, large dealer network, export orientation. Evidence note: Passenger vehicle scale and EV portfolio indicate strong analytics potential.",Medium warranty and quality analytics need; High supply chain and supplier risk complexity; Medium dealer and field service performance complexity; Medium EV transition and new product reliability complexity; Medium aftermarket revenue and service intelligence opportunity,"Hyundai Motor India shows Medium warranty complexity, High supply chain complexity, Medium dealer/service complexity, Medium EV transition complexity, and Medium aftermarket opportunity.",Reduced production disruption; Improved supply chain visibility; Lower logistics cost; Early defect detection before escalation; Reduction in warranty cost,Supplier risk scoring; Graph-based supplier network analysis; Shipment and logistics monitoring; Inventory risk monitoring; Lead-time forecasting,Supplier risk score; Parts availability; Days of inventory; Fill rate; On-time in-full delivery rate,Chief Supply Chain Officer; Head of Procurement; Head of Manufacturing Operations; Supplier Quality Leader; COO / CIO,"How is Hyundai Motor India currently predicting supplier, inventory, and logistics risks before they impact production continuity?","Hyundai Motor India is a good-fit prospect, but additional validation is required on current analytics maturity, budget ownership, and access to operational data. Large OEMs may already have internal analytics teams, so XYZ should position domain accelerators and faster time-to-value.","Lead with supplier risk visibility, production continuity, lead-time forecasting, and disruption prevention.","Schedule a 30-minute executive discovery call, validate the active pain area, and propose a focused analytics PoC using available warranty, supply chain, or dealer data.","Passenger vehicle scale and EV portfolio indicate strong analytics potential. Live evidence keywords: battery, dealer, electric, ev, production, service, supplier. Recent news evidence: Hyundai Motor India Reports 51,335 Sales in June 2026 Despite Production Disruption - Autopunditz | HMIL introduces Battery-as-a-Service (BaaS) for CRETA Electric starting at INR 10.99 lakhs - hyundai.com | Hyundai Motor India posts June sales of 51,335 units despite supplier fire disruption - The Economic Times | Hyundai Motor India sales decline 10% to 39,635 units in June - ET Auto | Hyundai Mo. Live web summary: Hyundai Motor India Reports 51,335 Sales in June 2026 Despite Production Disruption - Autopunditz | HMIL introduces Battery-as-a-Service (BaaS) for CRETA Electric starting at INR 10.99 lakhs - hyundai.com | Hyundai Motor India posts June sales of 51,335 units despite supplier fire disruption - The Economic Times | Hyundai Motor India sales decline 10% to 39,635 units in June - ET Auto | Hyundai Mo.",Accepted
5,Hero MotoCorp,OEM,"Two-Wheelers, EV",Large two-wheeler manufacturer with extensive sales and service network.,Dealer & Field Service Intelligence,Warranty Analytics,82,Hot,High,"Hero MotoCorp was selected because it shows strong relevance to XYZ's automotive analytics offerings. The company is in the OEM segment with a total opportunity score of 82/100. Key growth and opportunity signals include large two-wheeler volume, EV mobility initiatives, rural and urban dealer spread. Evidence note: Large dealer network and service base make dealer intelligence and warranty analytics relevant.",Medium warranty and quality analytics need; High dealer and field service performance complexity; Medium EV transition and new product reliability complexity; High aftermarket revenue and service intelligence opportunity,"Hero MotoCorp shows Medium warranty complexity, Low supply chain complexity, High dealer/service complexity, Medium EV transition complexity, and High aftermarket opportunity.",Improved dealer performance; Higher aftermarket revenue; Better customer experience; Early defect detection before escalation; Reduction in warranty cost,Dealer performance dashboard; Sales and service KPI analytics; Dealer benchmarking; Service demand forecasting; Aftermarket revenue analytics,Sales per dealer; Showroom conversion rate; Finance penetration; Aftermarket revenue per vehicle; Warranty penetration percentage,Head of Sales; Head of Dealer Development; Head of Field Service; Head of Customer Experience; Aftermarket Business Leader,"How is Hero MotoCorp currently measuring dealer performance, service efficiency, aftermarket revenue, and customer experience across locations?","Hero MotoCorp is a good-fit prospect, but additional validation is required on current analytics maturity, budget ownership, and access to operational data. Large OEMs may already have internal analytics teams, so XYZ should position domain accelerators and faster time-to-value.","Lead with dealer performance improvement, service efficiency, aftermarket revenue, and customer experience.","Schedule a 30-minute executive discovery call, validate the active pain area, and propose a focused analytics PoC using available warranty, supply chain, or dealer data.","Large dealer network and service base make dealer intelligence and warranty analytics relevant. Live evidence keywords: ev, supply chain, two-wheeler. Recent news evidence: Hero MotoCorp to Invest Over ₹3,200 Crore in Andhra Pradesh; New Global Parts Centre to Strengthen EV & Supply Chain Play - Autopunditz | Hero MotoCorp Invests Rs 3200 Crore in Andhra - Passionate In Marketing | India’s auto giants refute concerns of E20 damage - Business Today | Stocks To Watch Today: Maruti, NMDC, Hero MotoCorp, Coal India, Airtel In Focus - News18 | Hero MotoCorp elevates Sanja. Live web summary: Hero MotoCorp to Invest Over ₹3,200 Crore in Andhra Pradesh; New Global Parts Centre to Strengthen EV & Supply Chain Play - Autopunditz | Hero MotoCorp Invests Rs 3200 Crore in Andhra - Passionate In Marketing | India’s auto giants refute concerns of E20 damage - Business Today | Stocks To Watch Today: Maruti, NMDC, Hero MotoCorp, Coal India, Airtel In Focus - News18 | Hero MotoCorp elevates Sanja.",Accepted
6,TVS Motor Company,OEM,"Two-Wheelers, Three-Wheelers, EV",Major two-wheeler and three-wheeler manufacturer with growing EV presence.,Dealer & Field Service Intelligence,Warranty Analytics,82,Hot,High,"TVS Motor Company was selected because it shows strong relevance to XYZ's automotive analytics offerings. The company is in the OEM segment with a total opportunity score of 82/100. Key growth and opportunity signals include EV scooter growth, premium two-wheeler focus, dealer network expansion, export presence. Evidence note: EV and dealer network growth create opportunities for warranty and dealer intelligence.",Medium warranty and quality analytics need; Medium supply chain and supplier risk complexity; High dealer and field service performance complexity; Medium EV transition and new product reliability complexity; Medium aftermarket revenue and service intelligence opportunity,"TVS Motor Company shows Medium warranty complexity, Medium supply chain complexity, High dealer/service complexity, Medium EV transition complexity, and Medium aftermarket opportunity.",Improved dealer performance; Higher aftermarket revenue; Better customer experience; Early defect detection before escalation; Reduction in warranty cost,Dealer performance dashboard; Sales and service KPI analytics; Dealer benchmarking; Service demand forecasting; Aftermarket revenue analytics,Sales per dealer; Showroom conversion rate; Finance penetration; Aftermarket revenue per vehicle; Warranty penetration percentage,Head of Sales; Head of Dealer Development; Head of Field Service; Head of Customer Experience; Aftermarket Business Leader,"How is TVS Motor Company currently measuring dealer performance, service efficiency, aftermarket revenue, and customer experience across locations?","TVS Motor Company is a good-fit prospect, but additional validation is required on current analytics maturity, budget ownership, and access to operational data. Large OEMs may already have internal analytics teams, so XYZ should position domain accelerators and faster time-to-value.","Lead with dealer performance improvement, service efficiency, aftermarket revenue, and customer experience.","Schedule a 30-minute executive discovery call, validate the active pain area, and propose a focused analytics PoC using available warranty, supply chain, or dealer data.","EV and dealer network growth create opportunities for warranty and dealer intelligence. Live evidence keywords: ev, manufacturing. Recent news evidence: TVS Motor Company hits record quarterly sales of 1.63 Million - Manufacturing Today India | 'Ethanol blending done on scientific evidence, extensive testing': Industry experts defend E20 fuel - The New Indian Express | Robust overseas show helps TVS emerge top 2-wheeler company in India - The Economic Times | TVS Motor vrooms past Hero, Honda to take top slot in 2-wheeler sales - Business Standard. Live web summary: TVS Motor Company hits record quarterly sales of 1.63 Million - Manufacturing Today India | 'Ethanol blending done on scientific evidence, extensive testing': Industry experts defend E20 fuel - The New Indian Express | Robust overseas show helps TVS emerge top 2-wheeler company in India - The Economic Times | TVS Motor vrooms past Hero, Honda to take top slot in 2-wheeler sales - Business Standard.",Accepted
7,Tata Motors,OEM,"Passenger Vehicles, Commercial Vehicles, EV","Large Indian automotive OEM with passenger vehicles, commercial vehicles, EV portfolio, and broad market presence.",Warranty Analytics,Supply Chain Risk Prediction,81,Hot,High,"Tata Motors was selected because it shows strong relevance to XYZ's automotive analytics offerings. The company is in the OEM segment with a total opportunity score of 81/100. Key growth and opportunity signals include EV growth, commercial vehicle scale, large dealer and service network, connected mobility focus. Evidence note: High vehicle volumes, EV expansion, and service network scale indicate strong analytics opportunity.",Medium warranty and quality analytics need; Medium supply chain and supplier risk complexity; Medium dealer and field service performance complexity; Medium EV transition and new product reliability complexity; Medium aftermarket revenue and service intelligence opportunity,"Tata Motors shows Medium warranty complexity, Medium supply chain complexity, Medium dealer/service complexity, Medium EV transition complexity, and Medium aftermarket opportunity.",Early defect detection before escalation; Reduction in warranty cost; Improved quality response; Reduced production disruption; Improved supply chain visibility,"Warranty claim trend analysis; Defect pattern detection; Time-series anomaly detection; Clustering of failure symptoms; Correlation of defects with supplier, plant, batch, or vehicle model","Defects per 1,000 vehicles; Mean Time Between Failures; Warranty spend per unit; Claim cycle time; Recall incidence rate",Head of Quality; Head of Warranty; Head of After-Sales Service; Manufacturing Quality Leader; CIO / Chief Data Officer,"How is Tata Motors currently using warranty claims, service records, and quality data to detect defect patterns before they become large-scale field issues?","Tata Motors is a good-fit prospect, but additional validation is required on current analytics maturity, budget ownership, and access to operational data. Large OEMs may already have internal analytics teams, so XYZ should position domain accelerators and faster time-to-value.","Lead with warranty cost reduction, early defect detection, recall prevention, and quality analytics.","Schedule a 30-minute executive discovery call, validate the active pain area, and propose a focused analytics PoC using available warranty, supply chain, or dealer data.","High vehicle volumes, EV expansion, and service network scale indicate strong analytics opportunity. Live evidence keywords: commercial vehicle, customer, electric, ev, mobility, quality. Recent news evidence: June 2026 car sales: Tata narrowly retains second place over Mahindra - Autocar India | Tata Motors CV Sales Grow 27% in Q1 FY27; June 2026 Volumes Surge 35% YoY - Autopunditz | Tata Motors PV sales jump 69% in June as EVs surge - MSN | Top 10 selling cars in June: Tata dominates with Punch, Nexon in lead; Maruti has 6 models as Creta drops... - Moneycontrol.com | Maruti stays on top, Tata edges p. Live web summary: June 2026 car sales: Tata narrowly retains second place over Mahindra - Autocar India | Tata Motors CV Sales Grow 27% in Q1 FY27; June 2026 Volumes Surge 35% YoY - Autopunditz | Tata Motors PV sales jump 69% in June as EVs surge - MSN | Top 10 selling cars in June: Tata dominates with Punch, Nexon in lead; Maruti has 6 models as Creta drops... - Moneycontrol.com | Maruti stays on top, Tata edges p.",Accepted
8,Ashok Leyland,OEM,"Commercial Vehicles, Buses, Trucks","Major commercial vehicle manufacturer with trucks, buses, fleet operations, and service network.",Dealer & Field Service Intelligence,Warranty Analytics,80,Hot,High,"Ashok Leyland was selected because it shows strong relevance to XYZ's automotive analytics offerings. The company is in the OEM segment with a total opportunity score of 80/100. Key growth and opportunity signals include commercial vehicle demand, fleet uptime focus, service network expansion, supply chain dependency. Evidence note: Commercial vehicle uptime and service quality make warranty and field service intelligence highly relevant.",Medium warranty and quality analytics need; Medium supply chain and supplier risk complexity; High dealer and field service performance complexity; Medium aftermarket revenue and service intelligence opportunity,"Ashok Leyland shows Medium warranty complexity, Medium supply chain complexity, High dealer/service complexity, Low EV transition complexity, and Medium aftermarket opportunity.",Improved dealer performance; Higher aftermarket revenue; Better customer experience; Early defect detection before escalation; Reduction in warranty cost,Dealer performance dashboard; Sales and service KPI analytics; Dealer benchmarking; Service demand forecasting; Aftermarket revenue analytics,Sales per dealer; Showroom conversion rate; Finance penetration; Aftermarket revenue per vehicle; Warranty penetration percentage,Head of Sales; Head of Dealer Development; Head of Field Service; Head of Customer Experience; Aftermarket Business Leader,"How is Ashok Leyland currently measuring dealer performance, service efficiency, aftermarket revenue, and customer experience across locations?","Ashok Leyland is a good-fit prospect, but additional validation is required on current analytics maturity, budget ownership, and access to operational data. Large OEMs may already have internal analytics teams, so XYZ should position domain accelerators and faster time-to-value.","Lead with dealer performance improvement, service efficiency, aftermarket revenue, and customer experience.","Schedule a 30-minute executive discovery call, validate the active pain area, and propose a focused analytics PoC using available warranty, supply chain, or dealer data.","Commercial vehicle uptime and service quality make warranty and field service intelligence highly relevant. Live evidence keywords: commercial vehicle, dealer, ev, manufacturing, mobility. Recent news evidence: Ashok Leyland launches India’s first air suspension trucks - Automotive World | Ashok Leyland introduces India's first air suspension range of trucks - Business Standard | Ashok Leyland opens 13th LCV dealership in Gujarat with Jamnagar facility - Prittle Prattle News | Ashok Leyland launches India’s first 45T, 46T and 49T air-suspension trucks - HT Auto | India's Ashok Leyland posts record quarte. Live web summary: Ashok Leyland launches India’s first air suspension trucks - Automotive World | Ashok Leyland introduces India's first air suspension range of trucks - Business Standard | Ashok Leyland opens 13th LCV dealership in Gujarat with Jamnagar facility - Prittle Prattle News | Ashok Leyland launches India’s first 45T, 46T and 49T air-suspension trucks - HT Auto | India's Ashok Leyland posts record quarte.",Accepted
9,Sona BLW Precision Forgings,Component Manufacturer,"EV Components, Drivetrain, Precision Forgings",Automotive technology and component company with drivetrain and EV-related component focus.,Supply Chain Risk Prediction,Warranty Analytics,78,Warm,Medium,"Sona BLW Precision Forgings was selected because it shows strong relevance to XYZ's automotive analytics offerings. The company is in the Component Manufacturer segment with a total opportunity score of 78/100. Key growth and opportunity signals include EV component growth, global customers, precision manufacturing, quality requirements. Evidence note: EV component exposure and precision manufacturing create strong analytics relevance.",High warranty and quality analytics need; High supply chain and supplier risk complexity; Medium EV transition and new product reliability complexity,"Sona BLW Precision Forgings shows High warranty complexity, High supply chain complexity, Low dealer/service complexity, Medium EV transition complexity, and Low aftermarket opportunity.",Reduced production disruption; Improved supply chain visibility; Lower logistics cost; Early defect detection before escalation; Reduction in warranty cost,Supplier risk scoring; Graph-based supplier network analysis; Shipment and logistics monitoring; Inventory risk monitoring; Lead-time forecasting,Supplier risk score; Parts availability; Days of inventory; Fill rate; On-time in-full delivery rate,Chief Supply Chain Officer; Head of Procurement; Head of Manufacturing Operations; Supplier Quality Leader; COO / CIO; Head of OEM Customer Programs,"How is Sona BLW Precision Forgings currently predicting supplier, inventory, and logistics risks before they impact production continuity?","Sona BLW Precision Forgings is a good-fit prospect, but additional validation is required on current analytics maturity, budget ownership, and access to operational data. For suppliers and component manufacturers, the buying center may sit in operations, quality, or supply chain rather than IT.","Lead with supplier risk visibility, production continuity, lead-time forecasting, and disruption prevention.","Start with a targeted business-value conversation and validate whether the company has active transformation, quality, supply chain, or service improvement initiatives.","EV component exposure and precision manufacturing create strong analytics relevance. Live evidence keywords: component, connected, electric, ev, manufacturing, mobility, quality, supplier. Recent news evidence: India’s Biggest Auto IPOs: How Mobility Became A Major Dalal Street Theme - Autopunditz | Strong EV demand, diversified portfolio to sustain growth for Sona BLW - Business Standard | Bharat Forge, Sona BLW, other auto ancillary stocks in focus as US offers tariff relief on auto parts - Moneycontrol.com | Auto stocks to buy with up to 47% potential upside, ahead of May auto sales data - Business To. Live web summary: India’s Biggest Auto IPOs: How Mobility Became A Major Dalal Street Theme - Autopunditz | Strong EV demand, diversified portfolio to sustain growth for Sona BLW - Business Standard | Bharat Forge, Sona BLW, other auto ancillary stocks in focus as US offers tariff relief on auto parts - Moneycontrol.com | Auto stocks to buy with up to 47% potential upside, ahead of May auto sales data - Business To.",Accepted
10,Amara Raja Energy & Mobility,Component Manufacturer,"Batteries, Energy Storage, Mobility",Battery and energy storage company serving automotive and industrial markets.,Supply Chain Risk Prediction,Warranty Analytics,77,Warm,Medium,"Amara Raja Energy & Mobility was selected because it shows strong relevance to XYZ's automotive analytics offerings. The company is in the Component Manufacturer segment with a total opportunity score of 77/100. Key growth and opportunity signals include battery demand, EV ecosystem, aftermarket battery network, energy storage growth. Evidence note: Battery warranty, aftermarket channel, and EV ecosystem create strong analytics fit.",Medium warranty and quality analytics need; High supply chain and supplier risk complexity; Medium dealer and field service performance complexity; Medium EV transition and new product reliability complexity; Medium aftermarket revenue and service intelligence opportunity,"Amara Raja Energy & Mobility shows Medium warranty complexity, High supply chain complexity, Medium dealer/service complexity, Medium EV transition complexity, and Medium aftermarket opportunity.",Reduced production disruption; Improved supply chain visibility; Lower logistics cost; Early defect detection before escalation; Reduction in warranty cost,Supplier risk scoring; Graph-based supplier network analysis; Shipment and logistics monitoring; Inventory risk monitoring; Lead-time forecasting,Supplier risk score; Parts availability; Days of inventory; Fill rate; On-time in-full delivery rate,Chief Supply Chain Officer; Head of Procurement; Head of Manufacturing Operations; Supplier Quality Leader; COO / CIO; Head of OEM Customer Programs,"How is Amara Raja Energy & Mobility currently predicting supplier, inventory, and logistics risks before they impact production continuity?","Amara Raja Energy & Mobility is a good-fit prospect, but additional validation is required on current analytics maturity, budget ownership, and access to operational data. For suppliers and component manufacturers, the buying center may sit in operations, quality, or supply chain rather than IT.","Lead with supplier risk visibility, production continuity, lead-time forecasting, and disruption prevention.","Start with a targeted business-value conversation and validate whether the company has active transformation, quality, supply chain, or service improvement initiatives.","Battery warranty, aftermarket channel, and EV ecosystem create strong analytics fit. Live evidence keywords: battery, ev, mobility, service. Recent news evidence: China curbs no bar: Amara Raja goes solo to unlock homegrown battery tech for India - Business Today | Amara Raja plans ₹1,700 crore capex push for FY27; targets Q1 FY28 lithium plant launch - ET Auto | Amara Raja Energy & Mobility's (NSE:ARE&M) Problems Go Beyond Weak Profit - simplywall.st | Amara Raja Posts Strong FY26 Revenue Growth at 13,549 Crore - Entrepreneur India | Amara Raja Energy & Mo. Live web summary: China curbs no bar: Amara Raja goes solo to unlock homegrown battery tech for India - Business Today | Amara Raja plans ₹1,700 crore capex push for FY27; targets Q1 FY28 lithium plant launch - ET Auto | Amara Raja Energy & Mobility's (NSE:ARE&M) Problems Go Beyond Weak Profit - simplywall.st | Amara Raja Posts Strong FY26 Revenue Growth at 13,549 Crore - Entrepreneur India | Amara Raja Energy & Mo.",Accepted
11,JBM Auto,OEM / Component Manufacturer,"Electric Buses, Auto Components",Automotive company active in auto components and electric mobility including buses.,Warranty Analytics,Supply Chain Risk Prediction,77,Warm,Medium,"JBM Auto was selected because it shows strong relevance to XYZ's automotive analytics offerings. The company is in the OEM / Component Manufacturer segment with a total opportunity score of 77/100. Key growth and opportunity signals include electric bus growth, public mobility, component manufacturing, supply chain needs. Evidence note: EV bus operations create field service, warranty, and supply chain analytics opportunities.",High warranty and quality analytics need; High supply chain and supplier risk complexity; Medium dealer and field service performance complexity; Medium EV transition and new product reliability complexity,"JBM Auto shows High warranty complexity, High supply chain complexity, Medium dealer/service complexity, Medium EV transition complexity, and Low aftermarket opportunity.",Early defect detection before escalation; Reduction in warranty cost; Improved quality response; Reduced production disruption; Improved supply chain visibility,"Warranty claim trend analysis; Defect pattern detection; Time-series anomaly detection; Clustering of failure symptoms; Correlation of defects with supplier, plant, batch, or vehicle model","Defects per 1,000 vehicles; Mean Time Between Failures; Warranty spend per unit; Claim cycle time; Recall incidence rate",Head of Quality; Head of Warranty; Head of After-Sales Service; Manufacturing Quality Leader; CIO / Chief Data Officer; Head of OEM Customer Programs,"How is JBM Auto currently using warranty claims, service records, and quality data to detect defect patterns before they become large-scale field issues?","JBM Auto is a good-fit prospect, but additional validation is required on current analytics maturity, budget ownership, and access to operational data. Large OEMs may already have internal analytics teams, so XYZ should position domain accelerators and faster time-to-value.","Lead with warranty cost reduction, early defect detection, recall prevention, and quality analytics.","Start with a targeted business-value conversation and validate whether the company has active transformation, quality, supply chain, or service improvement initiatives.","EV bus operations create field service, warranty, and supply chain analytics opportunities. Live evidence keywords: charging, component, electric, ev. Recent news evidence: JBM Electric Vehicles Teams Up with Al Habtoor Motors to Bring E-Buses to the UAE - Machine Maker | JBM Auto Leads India’s Electric Bus Market with 49% Share in May 2026 - Passionate In Marketing | Bosch, JBM Auto, Igarashi rally up to 12%; why are OEM shares in demand? - Business Standard | Olectra Greentech, JBM Auto shares rally up to 7.6%; what investors need to know - Upstox | JBM Auto Shares. Live web summary: JBM Electric Vehicles Teams Up with Al Habtoor Motors to Bring E-Buses to the UAE - Machine Maker | JBM Auto Leads India’s Electric Bus Market with 49% Share in May 2026 - Passionate In Marketing | Bosch, JBM Auto, Igarashi rally up to 12%; why are OEM shares in demand? - Business Standard | Olectra Greentech, JBM Auto shares rally up to 7.6%; what investors need to know - Upstox | JBM Auto Shares.",Accepted
12,Mahindra & Mahindra,OEM,"SUVs, Commercial Vehicles, Tractors, EV","Major Indian automotive and farm equipment company with SUVs, commercial vehicles, tractors, and EV initiatives.",Warranty Analytics,Supply Chain Risk Prediction,77,Warm,Medium,"Mahindra & Mahindra was selected because it shows strong relevance to XYZ's automotive analytics offerings. The company is in the OEM segment with a total opportunity score of 77/100. Key growth and opportunity signals include SUV demand, EV initiatives, tractor leadership, rural and urban market spread. Evidence note: Diverse portfolio and dealer network complexity create strong opportunity for dealer and warranty analytics.",Medium warranty and quality analytics need; Medium supply chain and supplier risk complexity; Medium dealer and field service performance complexity; Medium EV transition and new product reliability complexity; Medium aftermarket revenue and service intelligence opportunity,"Mahindra & Mahindra shows Medium warranty complexity, Medium supply chain complexity, Medium dealer/service complexity, Medium EV transition complexity, and Medium aftermarket opportunity.",Early defect detection before escalation; Reduction in warranty cost; Improved quality response; Reduced production disruption; Improved supply chain visibility,"Warranty claim trend analysis; Defect pattern detection; Time-series anomaly detection; Clustering of failure symptoms; Correlation of defects with supplier, plant, batch, or vehicle model","Defects per 1,000 vehicles; Mean Time Between Failures; Warranty spend per unit; Claim cycle time; Recall incidence rate",Head of Quality; Head of Warranty; Head of After-Sales Service; Manufacturing Quality Leader; CIO / Chief Data Officer,"How is Mahindra & Mahindra currently using warranty claims, service records, and quality data to detect defect patterns before they become large-scale field issues?","Mahindra & Mahindra is a good-fit prospect, but additional validation is required on current analytics maturity, budget ownership, and access to operational data. Large OEMs may already have internal analytics teams, so XYZ should position domain accelerators and faster time-to-value.","Lead with warranty cost reduction, early defect detection, recall prevention, and quality analytics.","Start with a targeted business-value conversation and validate whether the company has active transformation, quality, supply chain, or service improvement initiatives.","Diverse portfolio and dealer network complexity create strong opportunity for dealer and warranty analytics. Live evidence keywords: dealer, electric, mobility, service. Recent news evidence: Mahindra Auto clocks 60,393 SUVs, a growth of 28% and 1,06,207 total vehicle sales, a growth of 37% in June 2026 - Mahindra | Mahindra Auto Records 28% SUV Growth, Crosses 1.06 Lakh Total Vehicle Sales in June 2026 - Autopunditz | Mahindra & Mahindra auto sales jump 37% in Jun'26 - Business Standard | Mahindra & Mahindra Ltd strategy shapes the long-term story for investors - AD HOC NEWS | Tata, M. Live web summary: The Mahindra Group Official Website | Together We Rise A technology & innovation-led, global, federation of companies, that provides a wide range of products, services & possibilities, enabling people to Rise Purpose Led, Performance Driven, Future Ready CLUB MAHINDRA'S TRANSITION TO ELECTRIC 70 LAKH TRACTORS SOLD M.TECH AND PHD IN SUSTAINABILITY MAHINDRA SEASON OF FESTIVALS 2026-27 MAHINDRA BEACO.",Accepted
13,Minda Corporation,Tier-1 Supplier,"Automotive Components, Security Systems, Electronics","Automotive component supplier with security systems, wiring, electronics, and component solutions.",Supply Chain Risk Prediction,Warranty Analytics,76,Warm,Medium,"Minda Corporation was selected because it shows strong relevance to XYZ's automotive analytics offerings. The company is in the Tier-1 Supplier segment with a total opportunity score of 76/100. Key growth and opportunity signals include electronics growth, OEM dependency, EV component opportunity, quality requirements. Evidence note: Electronics and OEM supply relationships indicate analytics fit.",High warranty and quality analytics need; High supply chain and supplier risk complexity; Medium EV transition and new product reliability complexity,"Minda Corporation shows High warranty complexity, High supply chain complexity, Low dealer/service complexity, Medium EV transition complexity, and Low aftermarket opportunity.",Reduced production disruption; Improved supply chain visibility; Lower logistics cost; Early defect detection before escalation; Reduction in warranty cost,Supplier risk scoring; Graph-based supplier network analysis; Shipment and logistics monitoring; Inventory risk monitoring; Lead-time forecasting,Supplier risk score; Parts availability; Days of inventory; Fill rate; On-time in-full delivery rate,Chief Supply Chain Officer; Head of Procurement; Head of Manufacturing Operations; Supplier Quality Leader; COO / CIO; Head of OEM Customer Programs,"How is Minda Corporation currently predicting supplier, inventory, and logistics risks before they impact production continuity?","Minda Corporation is a good-fit prospect, but additional validation is required on current analytics maturity, budget ownership, and access to operational data. For suppliers and component manufacturers, the buying center may sit in operations, quality, or supply chain rather than IT.","Lead with supplier risk visibility, production continuity, lead-time forecasting, and disruption prevention.","Start with a targeted business-value conversation and validate whether the company has active transformation, quality, supply chain, or service improvement initiatives.","Electronics and OEM supply relationships indicate analytics fit. Live evidence keywords: battery, component, electric, ev, manufacturing, mobility. Recent news evidence: Top 10 Auto Component Manufacturers in India: The Companies Powering the Automotive Industry - Autopunditz | Minda Corporation Reports Rs 6,185 Crore Revenue In FY2026, EBITDA Stands At Rs 721 Crore - BW Auto World | Spark Minda Green Mobility forms JV with UK-based Turntide to develop next-gen powertrain solutions - ET Auto | Minda Corporation and Turntide Technologies Form Joint Venture for Indi. Live web summary: Top 10 Auto Component Manufacturers in India: The Companies Powering the Automotive Industry - Autopunditz | Minda Corporation Reports Rs 6,185 Crore Revenue In FY2026, EBITDA Stands At Rs 721 Crore - BW Auto World | Spark Minda Green Mobility forms JV with UK-based Turntide to develop next-gen powertrain solutions - ET Auto | Minda Corporation and Turntide Technologies Form Joint Venture for Indi.",Accepted
14,Maruti Suzuki India,OEM,Passenger Vehicles,"Leading passenger vehicle manufacturer in India with very large sales, service, and dealer footprint.",Dealer & Field Service Intelligence,Warranty Analytics,76,Warm,Medium,"Maruti Suzuki India was selected because it shows strong relevance to XYZ's automotive analytics offerings. The company is in the OEM segment with a total opportunity score of 76/100. Key growth and opportunity signals include high passenger vehicle volumes, service network scale, new model launches, hybrid and CNG focus. Evidence note: High vehicle volumes and dealer/service scale make dealer intelligence and warranty analytics relevant.",Medium warranty and quality analytics need; High dealer and field service performance complexity; High aftermarket revenue and service intelligence opportunity,"Maruti Suzuki India shows Medium warranty complexity, Low supply chain complexity, High dealer/service complexity, Low EV transition complexity, and High aftermarket opportunity.",Improved dealer performance; Higher aftermarket revenue; Better customer experience; Early defect detection before escalation; Reduction in warranty cost,Dealer performance dashboard; Sales and service KPI analytics; Dealer benchmarking; Service demand forecasting; Aftermarket revenue analytics,Sales per dealer; Showroom conversion rate; Finance penetration; Aftermarket revenue per vehicle; Warranty penetration percentage,Head of Sales; Head of Dealer Development; Head of Field Service; Head of Customer Experience; Aftermarket Business Leader,"How is Maruti Suzuki India currently measuring dealer performance, service efficiency, aftermarket revenue, and customer experience across locations?","Maruti Suzuki India is a good-fit prospect, but additional validation is required on current analytics maturity, budget ownership, and access to operational data. Large OEMs may already have internal analytics teams, so XYZ should position domain accelerators and faster time-to-value.","Lead with dealer performance improvement, service efficiency, aftermarket revenue, and customer experience.","Start with a targeted business-value conversation and validate whether the company has active transformation, quality, supply chain, or service improvement initiatives.","High vehicle volumes and dealer/service scale make dealer intelligence and warranty analytics relevant. Recent news evidence: Maruti Suzuki inaugurates Kharkhoda plant in India - Automotive World | Maruti Suzuki’s ₹35,000 Crore Kharkhoda Mega Plant to be Inaugurated Today by PM Modi and Japan PM Sanae Takaichi - Autopunditz | Maruti stays on top, Tata edges past Mahindra in June PV sales race - ET Auto | Maruti Suzuki India Sales Jump 19.3% in June to 200,390 Units - Rediff MoneyWiz | Maruti Suzuki, Toyota India execs de. Live web summary: Maruti Suzuki India Corporate - Discover Arena, NEXA cars, Commercial and True Value Explore Maruti Suzuki India and get exclusive information on hatchbacks, sedans, SUVs, strong hybrid cars, S-CNG cars, latest offers and more. Explore channels like NEXA, Arena, Commercial and True Value. Maruti Suzuki India Business Channels More from Maruti Suzuki Discover Maruti Suzuki Cars our Values /content/.",Accepted
15,MRF,Component Manufacturer,"Tyres, Rubber Products",Major tyre manufacturer with OEM and aftermarket presence.,Dealer & Field Service Intelligence,Supply Chain Risk Prediction,76,Warm,Medium,"MRF was selected because it shows strong relevance to XYZ's automotive analytics offerings. The company is in the Component Manufacturer segment with a total opportunity score of 76/100. Key growth and opportunity signals include aftermarket tyre demand, OEM relationships, quality and warranty exposure, distribution scale. Evidence note: Large aftermarket and warranty exposure make dealer and warranty analytics relevant.",Medium warranty and quality analytics need; Medium supply chain and supplier risk complexity; Medium dealer and field service performance complexity; High aftermarket revenue and service intelligence opportunity,"MRF shows Medium warranty complexity, Medium supply chain complexity, Medium dealer/service complexity, Low EV transition complexity, and High aftermarket opportunity.",Improved dealer performance; Higher aftermarket revenue; Better customer experience; Reduced production disruption; Improved supply chain visibility,Dealer performance dashboard; Sales and service KPI analytics; Dealer benchmarking; Service demand forecasting; Aftermarket revenue analytics,Sales per dealer; Showroom conversion rate; Finance penetration; Aftermarket revenue per vehicle; Warranty penetration percentage,Head of Sales; Head of Dealer Development; Head of Field Service; Head of Customer Experience; Aftermarket Business Leader; Head of OEM Customer Programs,"How is MRF currently measuring dealer performance, service efficiency, aftermarket revenue, and customer experience across locations?","MRF is a good-fit prospect, but additional validation is required on current analytics maturity, budget ownership, and access to operational data. For suppliers and component manufacturers, the buying center may sit in operations, quality, or supply chain rather than IT.","Lead with dealer performance improvement, service efficiency, aftermarket revenue, and customer experience.","Start with a targeted business-value conversation and validate whether the company has active transformation, quality, supply chain, or service improvement initiatives.","Large aftermarket and warranty exposure make dealer and warranty analytics relevant. Live evidence keywords: dealer, ev, export, service. Recent news evidence: Indian Tyre Brands Shine Globally: MRF, CEAT & Apollo Among World’s Strongest Tyre Brands in 2026 - Autopunditz | MRF's Arun Mammen re-elected as chairman of Automotive Tyre Manufacturers' Association - ET Auto | MRF to invest €500m in new tire plant in India - European Rubber Journal | MRF Vice Chairman and MD Arun Mammen re-elected as ATMA chairman - Business Standard | New mileage pitch, MRF ZL. Live web summary: Car Tyres | Bike Tyres by official website of MRF Tyres MRF is the largest manufacturer of tyres in India. Established in 1946 and headquartered in Chennai, MRF exports tyres to over 90 markets abroad. The company manufactures a wide range of products including tyres, treads, tubes & conveyor belts, paints and toys. Choose a tyre Tyres & Services Newsletter Who We Are Milestones Awards & Achieveme.",Accepted
