rank,company_name,segment,category,primary_solution,secondary_solution,pain_intensity_score,product_fit_score,market_relevance_score,growth_signal_score,financial_capacity_score,urgency_score,data_readiness_score,total_opportunity_score,priority,confidence,evidence_strength,fit_reason,evidence_notes,warranty_complexity,supply_chain_complexity,dealer_service_complexity,ev_transition_complexity,aftermarket_opportunity,validation_status,why_not_risk,sales_strategy_focus
1,Ola Electric,EV OEM,"Electric Two-Wheelers, EV Mobility",Warranty Analytics,Dealer & Field Service Intelligence,17,20,15,15,7,5,5,84,Hot,High,Medium,"Ola Electric shows High warranty complexity, Medium supply chain complexity, High dealer/service complexity, Medium EV transition complexity, and Medium aftermarket opportunity.","EV product complexity makes warranty, field service, and quality analytics highly relevant. Live evidence keywords: charging, electric, ev, service, two-wheeler. Recent news evidence: Ola Electric to Ather Energy: EV companies in India - Upstox | Ola Electric sales rise 23% MoM in May to 15,139 units - ET Auto | Ola Electric rises 20% even as EV two-wheeler registrations decline in April - Entrackr | Top 5 Electric 2-Wheeler Manufacturers In India, Ola Out Of List For Feb'26 - NDTV | Ola Electric sees 23 pc growth in monthly registrations in May - The Economic Times. Live web summary: Ola Electric to Ather Energy: EV companies in India - Upstox | Ola Electric sales rise 23% MoM in May to 15,139 units - ET Auto | Ola Electric rises 20% even as EV two-wheeler registrations decline in April - Entrackr | Top 5 Electric 2-Wheeler Manufacturers In India, Ola Out Of List For Feb'26 - NDTV | Ola Electric sees 23 pc growth in monthly registrations in May - The Economic Times Electric Sc.",High,Medium,High,Medium,Medium,Accepted,"Ola Electric is a good-fit prospect, but additional validation is required on current analytics maturity, budget ownership, and access to operational data. Large OEMs may already have internal analytics teams, so XYZ should position domain accelerators and faster time-to-value.","Lead with warranty cost reduction, early defect detection, recall prevention, and quality analytics."
2,Ather Energy,EV OEM,"Electric Two-Wheelers, Charging Ecosystem",Warranty Analytics,Dealer & Field Service Intelligence,17,21,15,13,7,5,5,83,Hot,High,Medium,"Ather Energy shows High warranty complexity, Medium supply chain complexity, High dealer/service complexity, High EV transition complexity, and Medium aftermarket opportunity.","Connected EV operations create strong data readiness for warranty and service intelligence. Live evidence keywords: charging, electric, ev, mobility, supplier. Recent news evidence: OEM-supplier collaboration key to building India’s next generation of automotive IP: Ather’s Swapnil Jai.. - ET Auto | Ather Energy Crosses 7 Lakh Electric Scooter Sales Milestone, Becomes India’s Fourth Largest EV Brand By Cumulative Deliveries - Autopunditz | Ather Energy Becomes Fourth Indian EV Maker to Surpass 700,000 Sales - Autocar Professional | India's Ather Energy narrows quarterly loss . Live web summary: OEM-supplier collaboration key to building India’s next generation of automotive IP: Ather’s Swapnil Jai.. - ET Auto | Ather Energy Crosses 7 Lakh Electric Scooter Sales Milestone, Becomes India’s Fourth Largest EV Brand By Cumulative Deliveries - Autopunditz | Ather Energy Becomes Fourth Indian EV Maker to Surpass 700,000 Sales - Autocar Professional | India's Ather Energy narrows quarterly loss .",High,Medium,High,High,Medium,Accepted,"Ather Energy is a good-fit prospect, but additional validation is required on current analytics maturity, budget ownership, and access to operational data. Large OEMs may already have internal analytics teams, so XYZ should position domain accelerators and faster time-to-value.","Lead with warranty cost reduction, early defect detection, recall prevention, and quality analytics."
3,Bajaj Auto,OEM,"Two-Wheelers, Three-Wheelers, EV",Supply Chain Risk Prediction,Warranty Analytics,15,18,15,15,10,5,5,83,Hot,High,High,"Bajaj Auto shows Medium warranty complexity, High supply chain complexity, Medium dealer/service complexity, Medium EV transition complexity, and Medium aftermarket opportunity.","High dealer scale and EV expansion create strong dealer and warranty analytics use cases. Live evidence keywords: customer, electric, manufacturing, service. Recent news evidence: Bajaj Auto domestic sales rise 11% in June to 2.10 lakh units - ET Auto | Bajaj Auto Eyes New Manufacturing Plant In South India; Tamil Nadu And Telangana Emerge As Front-Runners - Autopunditz | Indian auto giant Bajaj Auto hit by ransomware incident - The Record from Recorded Future News | Bajaj Auto hit by ransomware attack, operations unaffected - Autocar India | Bajaj Auto, India restores full. Live web summary: Bajaj Auto domestic sales rise 11% in June to 2.10 lakh units - ET Auto | Bajaj Auto Eyes New Manufacturing Plant In South India; Tamil Nadu And Telangana Emerge As Front-Runners - Autopunditz | Indian auto giant Bajaj Auto hit by ransomware incident - The Record from Recorded Future News | Bajaj Auto hit by ransomware attack, operations unaffected - Autocar India | Bajaj Auto, India restores full.",Medium,High,Medium,Medium,Medium,Accepted,"Bajaj Auto is a good-fit prospect, but additional validation is required on current analytics maturity, budget ownership, and access to operational data. Large OEMs may already have internal analytics teams, so XYZ should position domain accelerators and faster time-to-value.","Lead with supplier risk visibility, production continuity, lead-time forecasting, and disruption prevention."
4,Hyundai Motor India,OEM,"Passenger Vehicles, EV",Supply Chain Risk Prediction,Warranty Analytics,15,18,15,15,10,5,5,83,Hot,High,High,"Hyundai Motor India shows Medium warranty complexity, High supply chain complexity, Medium dealer/service complexity, Medium EV transition complexity, and Medium aftermarket opportunity.","Passenger vehicle scale and EV portfolio indicate strong analytics potential. Live evidence keywords: battery, dealer, electric, ev, production, service, supplier. Recent news evidence: Hyundai Motor India Reports 51,335 Sales in June 2026 Despite Production Disruption - Autopunditz | HMIL introduces Battery-as-a-Service (BaaS) for CRETA Electric starting at INR 10.99 lakhs - hyundai.com | Hyundai Motor India posts June sales of 51,335 units despite supplier fire disruption - The Economic Times | Hyundai Motor India sales decline 10% to 39,635 units in June - ET Auto | Hyundai Mo. Live web summary: Hyundai Motor India Reports 51,335 Sales in June 2026 Despite Production Disruption - Autopunditz | HMIL introduces Battery-as-a-Service (BaaS) for CRETA Electric starting at INR 10.99 lakhs - hyundai.com | Hyundai Motor India posts June sales of 51,335 units despite supplier fire disruption - The Economic Times | Hyundai Motor India sales decline 10% to 39,635 units in June - ET Auto | Hyundai Mo.",Medium,High,Medium,Medium,Medium,Accepted,"Hyundai Motor India is a good-fit prospect, but additional validation is required on current analytics maturity, budget ownership, and access to operational data. Large OEMs may already have internal analytics teams, so XYZ should position domain accelerators and faster time-to-value.","Lead with supplier risk visibility, production continuity, lead-time forecasting, and disruption prevention."
5,Hero MotoCorp,OEM,"Two-Wheelers, EV",Dealer & Field Service Intelligence,Warranty Analytics,15,21,15,11,10,5,5,82,Hot,High,High,"Hero MotoCorp shows Medium warranty complexity, Low supply chain complexity, High dealer/service complexity, Medium EV transition complexity, and High aftermarket opportunity.","Large dealer network and service base make dealer intelligence and warranty analytics relevant. Live evidence keywords: ev, supply chain, two-wheeler. Recent news evidence: Hero MotoCorp to Invest Over ₹3,200 Crore in Andhra Pradesh; New Global Parts Centre to Strengthen EV & Supply Chain Play - Autopunditz | Hero MotoCorp Invests Rs 3200 Crore in Andhra - Passionate In Marketing | India’s auto giants refute concerns of E20 damage - Business Today | Stocks To Watch Today: Maruti, NMDC, Hero MotoCorp, Coal India, Airtel In Focus - News18 | Hero MotoCorp elevates Sanja. Live web summary: Hero MotoCorp to Invest Over ₹3,200 Crore in Andhra Pradesh; New Global Parts Centre to Strengthen EV & Supply Chain Play - Autopunditz | Hero MotoCorp Invests Rs 3200 Crore in Andhra - Passionate In Marketing | India’s auto giants refute concerns of E20 damage - Business Today | Stocks To Watch Today: Maruti, NMDC, Hero MotoCorp, Coal India, Airtel In Focus - News18 | Hero MotoCorp elevates Sanja.",Medium,Low,High,Medium,High,Accepted,"Hero MotoCorp is a good-fit prospect, but additional validation is required on current analytics maturity, budget ownership, and access to operational data. Large OEMs may already have internal analytics teams, so XYZ should position domain accelerators and faster time-to-value.","Lead with dealer performance improvement, service efficiency, aftermarket revenue, and customer experience."
6,TVS Motor Company,OEM,"Two-Wheelers, Three-Wheelers, EV",Dealer & Field Service Intelligence,Warranty Analytics,15,20,15,13,9,5,5,82,Hot,High,High,"TVS Motor Company shows Medium warranty complexity, Medium supply chain complexity, High dealer/service complexity, Medium EV transition complexity, and Medium aftermarket opportunity.","EV and dealer network growth create opportunities for warranty and dealer intelligence. Live evidence keywords: ev, manufacturing. Recent news evidence: TVS Motor Company hits record quarterly sales of 1.63 Million - Manufacturing Today India | 'Ethanol blending done on scientific evidence, extensive testing': Industry experts defend E20 fuel - The New Indian Express | Robust overseas show helps TVS emerge top 2-wheeler company in India - The Economic Times | TVS Motor vrooms past Hero, Honda to take top slot in 2-wheeler sales - Business Standard. Live web summary: TVS Motor Company hits record quarterly sales of 1.63 Million - Manufacturing Today India | 'Ethanol blending done on scientific evidence, extensive testing': Industry experts defend E20 fuel - The New Indian Express | Robust overseas show helps TVS emerge top 2-wheeler company in India - The Economic Times | TVS Motor vrooms past Hero, Honda to take top slot in 2-wheeler sales - Business Standard.",Medium,Medium,High,Medium,Medium,Accepted,"TVS Motor Company is a good-fit prospect, but additional validation is required on current analytics maturity, budget ownership, and access to operational data. Large OEMs may already have internal analytics teams, so XYZ should position domain accelerators and faster time-to-value.","Lead with dealer performance improvement, service efficiency, aftermarket revenue, and customer experience."
7,Tata Motors,OEM,"Passenger Vehicles, Commercial Vehicles, EV",Warranty Analytics,Supply Chain Risk Prediction,15,16,15,15,10,5,5,81,Hot,High,High,"Tata Motors shows Medium warranty complexity, Medium supply chain complexity, Medium dealer/service complexity, Medium EV transition complexity, and Medium aftermarket opportunity.","High vehicle volumes, EV expansion, and service network scale indicate strong analytics opportunity. Live evidence keywords: commercial vehicle, customer, electric, ev, mobility, quality. Recent news evidence: June 2026 car sales: Tata narrowly retains second place over Mahindra - Autocar India | Tata Motors CV Sales Grow 27% in Q1 FY27; June 2026 Volumes Surge 35% YoY - Autopunditz | Tata Motors PV sales jump 69% in June as EVs surge - MSN | Top 10 selling cars in June: Tata dominates with Punch, Nexon in lead; Maruti has 6 models as Creta drops... - Moneycontrol.com | Maruti stays on top, Tata edges p. Live web summary: June 2026 car sales: Tata narrowly retains second place over Mahindra - Autocar India | Tata Motors CV Sales Grow 27% in Q1 FY27; June 2026 Volumes Surge 35% YoY - Autopunditz | Tata Motors PV sales jump 69% in June as EVs surge - MSN | Top 10 selling cars in June: Tata dominates with Punch, Nexon in lead; Maruti has 6 models as Creta drops... - Moneycontrol.com | Maruti stays on top, Tata edges p.",Medium,Medium,Medium,Medium,Medium,Accepted,"Tata Motors is a good-fit prospect, but additional validation is required on current analytics maturity, budget ownership, and access to operational data. Large OEMs may already have internal analytics teams, so XYZ should position domain accelerators and faster time-to-value.","Lead with warranty cost reduction, early defect detection, recall prevention, and quality analytics."
8,Ashok Leyland,OEM,"Commercial Vehicles, Buses, Trucks",Dealer & Field Service Intelligence,Warranty Analytics,13,18,15,15,9,5,5,80,Hot,High,High,"Ashok Leyland shows Medium warranty complexity, Medium supply chain complexity, High dealer/service complexity, Low EV transition complexity, and Medium aftermarket opportunity.","Commercial vehicle uptime and service quality make warranty and field service intelligence highly relevant. Live evidence keywords: commercial vehicle, dealer, ev, manufacturing, mobility. Recent news evidence: Ashok Leyland launches India’s first air suspension trucks - Automotive World | Ashok Leyland introduces India's first air suspension range of trucks - Business Standard | Ashok Leyland opens 13th LCV dealership in Gujarat with Jamnagar facility - Prittle Prattle News | Ashok Leyland launches India’s first 45T, 46T and 49T air-suspension trucks - HT Auto | India's Ashok Leyland posts record quarte. Live web summary: Ashok Leyland launches India’s first air suspension trucks - Automotive World | Ashok Leyland introduces India's first air suspension range of trucks - Business Standard | Ashok Leyland opens 13th LCV dealership in Gujarat with Jamnagar facility - Prittle Prattle News | Ashok Leyland launches India’s first 45T, 46T and 49T air-suspension trucks - HT Auto | India's Ashok Leyland posts record quarte.",Medium,Medium,High,Low,Medium,Accepted,"Ashok Leyland is a good-fit prospect, but additional validation is required on current analytics maturity, budget ownership, and access to operational data. Large OEMs may already have internal analytics teams, so XYZ should position domain accelerators and faster time-to-value.","Lead with dealer performance improvement, service efficiency, aftermarket revenue, and customer experience."
9,Sona BLW Precision Forgings,Component Manufacturer,"EV Components, Drivetrain, Precision Forgings",Supply Chain Risk Prediction,Warranty Analytics,12,21,12,15,8,5,5,78,Warm,Medium,High,"Sona BLW Precision Forgings shows High warranty complexity, High supply chain complexity, Low dealer/service complexity, Medium EV transition complexity, and Low aftermarket opportunity.","EV component exposure and precision manufacturing create strong analytics relevance. Live evidence keywords: component, connected, electric, ev, manufacturing, mobility, quality, supplier. Recent news evidence: India’s Biggest Auto IPOs: How Mobility Became A Major Dalal Street Theme - Autopunditz | Strong EV demand, diversified portfolio to sustain growth for Sona BLW - Business Standard | Bharat Forge, Sona BLW, other auto ancillary stocks in focus as US offers tariff relief on auto parts - Moneycontrol.com | Auto stocks to buy with up to 47% potential upside, ahead of May auto sales data - Business To. Live web summary: India’s Biggest Auto IPOs: How Mobility Became A Major Dalal Street Theme - Autopunditz | Strong EV demand, diversified portfolio to sustain growth for Sona BLW - Business Standard | Bharat Forge, Sona BLW, other auto ancillary stocks in focus as US offers tariff relief on auto parts - Moneycontrol.com | Auto stocks to buy with up to 47% potential upside, ahead of May auto sales data - Business To.",High,High,Low,Medium,Low,Accepted,"Sona BLW Precision Forgings is a good-fit prospect, but additional validation is required on current analytics maturity, budget ownership, and access to operational data. For suppliers and component manufacturers, the buying center may sit in operations, quality, or supply chain rather than IT.","Lead with supplier risk visibility, production continuity, lead-time forecasting, and disruption prevention."
10,Amara Raja Energy & Mobility,Component Manufacturer,"Batteries, Energy Storage, Mobility",Supply Chain Risk Prediction,Warranty Analytics,15,20,12,14,6,5,5,77,Warm,Medium,High,"Amara Raja Energy & Mobility shows Medium warranty complexity, High supply chain complexity, Medium dealer/service complexity, Medium EV transition complexity, and Medium aftermarket opportunity.","Battery warranty, aftermarket channel, and EV ecosystem create strong analytics fit. Live evidence keywords: battery, ev, mobility, service. Recent news evidence: China curbs no bar: Amara Raja goes solo to unlock homegrown battery tech for India - Business Today | Amara Raja plans ₹1,700 crore capex push for FY27; targets Q1 FY28 lithium plant launch - ET Auto | Amara Raja Energy & Mobility's (NSE:ARE&M) Problems Go Beyond Weak Profit - simplywall.st | Amara Raja Posts Strong FY26 Revenue Growth at 13,549 Crore - Entrepreneur India | Amara Raja Energy & Mo. Live web summary: China curbs no bar: Amara Raja goes solo to unlock homegrown battery tech for India - Business Today | Amara Raja plans ₹1,700 crore capex push for FY27; targets Q1 FY28 lithium plant launch - ET Auto | Amara Raja Energy & Mobility's (NSE:ARE&M) Problems Go Beyond Weak Profit - simplywall.st | Amara Raja Posts Strong FY26 Revenue Growth at 13,549 Crore - Entrepreneur India | Amara Raja Energy & Mo.",Medium,High,Medium,Medium,Medium,Accepted,"Amara Raja Energy & Mobility is a good-fit prospect, but additional validation is required on current analytics maturity, budget ownership, and access to operational data. For suppliers and component manufacturers, the buying center may sit in operations, quality, or supply chain rather than IT.","Lead with supplier risk visibility, production continuity, lead-time forecasting, and disruption prevention."
11,JBM Auto,OEM / Component Manufacturer,"Electric Buses, Auto Components",Warranty Analytics,Supply Chain Risk Prediction,14,18,14,14,7,5,5,77,Warm,Medium,High,"JBM Auto shows High warranty complexity, High supply chain complexity, Medium dealer/service complexity, Medium EV transition complexity, and Low aftermarket opportunity.","EV bus operations create field service, warranty, and supply chain analytics opportunities. Live evidence keywords: charging, component, electric, ev. Recent news evidence: JBM Electric Vehicles Teams Up with Al Habtoor Motors to Bring E-Buses to the UAE - Machine Maker | JBM Auto Leads India’s Electric Bus Market with 49% Share in May 2026 - Passionate In Marketing | Bosch, JBM Auto, Igarashi rally up to 12%; why are OEM shares in demand? - Business Standard | Olectra Greentech, JBM Auto shares rally up to 7.6%; what investors need to know - Upstox | JBM Auto Shares. Live web summary: JBM Electric Vehicles Teams Up with Al Habtoor Motors to Bring E-Buses to the UAE - Machine Maker | JBM Auto Leads India’s Electric Bus Market with 49% Share in May 2026 - Passionate In Marketing | Bosch, JBM Auto, Igarashi rally up to 12%; why are OEM shares in demand? - Business Standard | Olectra Greentech, JBM Auto shares rally up to 7.6%; what investors need to know - Upstox | JBM Auto Shares.",High,High,Medium,Medium,Low,Accepted,"JBM Auto is a good-fit prospect, but additional validation is required on current analytics maturity, budget ownership, and access to operational data. Large OEMs may already have internal analytics teams, so XYZ should position domain accelerators and faster time-to-value.","Lead with warranty cost reduction, early defect detection, recall prevention, and quality analytics."
12,Mahindra & Mahindra,OEM,"SUVs, Commercial Vehicles, Tractors, EV",Warranty Analytics,Supply Chain Risk Prediction,14,14,15,15,9,5,5,77,Warm,Medium,High,"Mahindra & Mahindra shows Medium warranty complexity, Medium supply chain complexity, Medium dealer/service complexity, Medium EV transition complexity, and Medium aftermarket opportunity.","Diverse portfolio and dealer network complexity create strong opportunity for dealer and warranty analytics. Live evidence keywords: dealer, electric, mobility, service. Recent news evidence: Mahindra Auto clocks 60,393 SUVs, a growth of 28% and 1,06,207 total vehicle sales, a growth of 37% in June 2026 - Mahindra | Mahindra Auto Records 28% SUV Growth, Crosses 1.06 Lakh Total Vehicle Sales in June 2026 - Autopunditz | Mahindra & Mahindra auto sales jump 37% in Jun'26 - Business Standard | Mahindra & Mahindra Ltd strategy shapes the long-term story for investors - AD HOC NEWS | Tata, M. Live web summary: The Mahindra Group Official Website | Together We Rise A technology & innovation-led, global, federation of companies, that provides a wide range of products, services & possibilities, enabling people to Rise Purpose Led, Performance Driven, Future Ready CLUB MAHINDRA'S TRANSITION TO ELECTRIC 70 LAKH TRACTORS SOLD M.TECH AND PHD IN SUSTAINABILITY MAHINDRA SEASON OF FESTIVALS 2026-27 MAHINDRA BEACO.",Medium,Medium,Medium,Medium,Medium,Accepted,"Mahindra & Mahindra is a good-fit prospect, but additional validation is required on current analytics maturity, budget ownership, and access to operational data. Large OEMs may already have internal analytics teams, so XYZ should position domain accelerators and faster time-to-value.","Lead with warranty cost reduction, early defect detection, recall prevention, and quality analytics."
13,Minda Corporation,Tier-1 Supplier,"Automotive Components, Security Systems, Electronics",Supply Chain Risk Prediction,Warranty Analytics,12,21,13,13,7,5,5,76,Warm,Medium,High,"Minda Corporation shows High warranty complexity, High supply chain complexity, Low dealer/service complexity, Medium EV transition complexity, and Low aftermarket opportunity.","Electronics and OEM supply relationships indicate analytics fit. Live evidence keywords: battery, component, electric, ev, manufacturing, mobility. Recent news evidence: Top 10 Auto Component Manufacturers in India: The Companies Powering the Automotive Industry - Autopunditz | Minda Corporation Reports Rs 6,185 Crore Revenue In FY2026, EBITDA Stands At Rs 721 Crore - BW Auto World | Spark Minda Green Mobility forms JV with UK-based Turntide to develop next-gen powertrain solutions - ET Auto | Minda Corporation and Turntide Technologies Form Joint Venture for Indi. Live web summary: Top 10 Auto Component Manufacturers in India: The Companies Powering the Automotive Industry - Autopunditz | Minda Corporation Reports Rs 6,185 Crore Revenue In FY2026, EBITDA Stands At Rs 721 Crore - BW Auto World | Spark Minda Green Mobility forms JV with UK-based Turntide to develop next-gen powertrain solutions - ET Auto | Minda Corporation and Turntide Technologies Form Joint Venture for Indi.",High,High,Low,Medium,Low,Accepted,"Minda Corporation is a good-fit prospect, but additional validation is required on current analytics maturity, budget ownership, and access to operational data. For suppliers and component manufacturers, the buying center may sit in operations, quality, or supply chain rather than IT.","Lead with supplier risk visibility, production continuity, lead-time forecasting, and disruption prevention."
14,Maruti Suzuki India,OEM,Passenger Vehicles,Dealer & Field Service Intelligence,Warranty Analytics,11,21,15,11,9,4,5,76,Warm,Medium,High,"Maruti Suzuki India shows Medium warranty complexity, Low supply chain complexity, High dealer/service complexity, Low EV transition complexity, and High aftermarket opportunity.","High vehicle volumes and dealer/service scale make dealer intelligence and warranty analytics relevant. Recent news evidence: Maruti Suzuki inaugurates Kharkhoda plant in India - Automotive World | Maruti Suzuki’s ₹35,000 Crore Kharkhoda Mega Plant to be Inaugurated Today by PM Modi and Japan PM Sanae Takaichi - Autopunditz | Maruti stays on top, Tata edges past Mahindra in June PV sales race - ET Auto | Maruti Suzuki India Sales Jump 19.3% in June to 200,390 Units - Rediff MoneyWiz | Maruti Suzuki, Toyota India execs de. Live web summary: Maruti Suzuki India Corporate - Discover Arena, NEXA cars, Commercial and True Value Explore Maruti Suzuki India and get exclusive information on hatchbacks, sedans, SUVs, strong hybrid cars, S-CNG cars, latest offers and more. Explore channels like NEXA, Arena, Commercial and True Value. Maruti Suzuki India Business Channels More from Maruti Suzuki Discover Maruti Suzuki Cars our Values /content/.",Medium,Low,High,Low,High,Accepted,"Maruti Suzuki India is a good-fit prospect, but additional validation is required on current analytics maturity, budget ownership, and access to operational data. Large OEMs may already have internal analytics teams, so XYZ should position domain accelerators and faster time-to-value.","Lead with dealer performance improvement, service efficiency, aftermarket revenue, and customer experience."
15,MRF,Component Manufacturer,"Tyres, Rubber Products",Dealer & Field Service Intelligence,Supply Chain Risk Prediction,13,18,12,15,8,5,5,76,Warm,Medium,High,"MRF shows Medium warranty complexity, Medium supply chain complexity, Medium dealer/service complexity, Low EV transition complexity, and High aftermarket opportunity.","Large aftermarket and warranty exposure make dealer and warranty analytics relevant. Live evidence keywords: dealer, ev, export, service. Recent news evidence: Indian Tyre Brands Shine Globally: MRF, CEAT & Apollo Among World’s Strongest Tyre Brands in 2026 - Autopunditz | MRF's Arun Mammen re-elected as chairman of Automotive Tyre Manufacturers' Association - ET Auto | MRF to invest €500m in new tire plant in India - European Rubber Journal | MRF Vice Chairman and MD Arun Mammen re-elected as ATMA chairman - Business Standard | New mileage pitch, MRF ZL. Live web summary: Car Tyres | Bike Tyres by official website of MRF Tyres MRF is the largest manufacturer of tyres in India. Established in 1946 and headquartered in Chennai, MRF exports tyres to over 90 markets abroad. The company manufactures a wide range of products including tyres, treads, tubes & conveyor belts, paints and toys. Choose a tyre Tyres & Services Newsletter Who We Are Milestones Awards & Achieveme.",Medium,Medium,Medium,Low,High,Accepted,"MRF is a good-fit prospect, but additional validation is required on current analytics maturity, budget ownership, and access to operational data. For suppliers and component manufacturers, the buying center may sit in operations, quality, or supply chain rather than IT.","Lead with dealer performance improvement, service efficiency, aftermarket revenue, and customer experience."
